Image,Label
202505041755-001.png,0
202505041755-002.png,0
202505041755-003.png,0
202505041755-004.png,0
202505041755-005.png,0
202505041755-006.png,0
202505041755-007.png,0
202505041755-008.png,0
202505041755-009.png,0
202505041755-010.png,0
202505041755-011.png,0
202505041755-012.png,0
202505041755-013.png,0
202505041755-014.png,0
202505041755-015.png,0
202505041755-016.png,0
202505041755-017.png,0
202505041755-018.png,0
202505041755-019.png,0
202505041756-002.png,0
202505041756-003.png,0
202505041756-004.png,0
202505041756-005.png,0
202505041756-006.png,0
202505041756-007.png,0
202505041756-008.png,0
202505041756-009.png,0
202505041756-010.png,0
202505041756-011.png,0
202505041756-012.png,0
202505041756-013.png,0
202505041756-014.png,0
202505041756-015.png,0
202505041756-016.png,0
202505041756-017.png,0
202505041756-018.png,0
202505041758-001.png,0
24e345b4-09c6-4b61-901b-f42f54ea34e8.png,0
9c49e119-1bae-4674-9259-2828e0183a3b.png,0
img_101616_2.jpeg,1
img_114498_1.jpeg,1
img_115612_2.jpeg,1
img_117773_1.jpeg,1
img_118968_1.jpeg,1
img_119528_3.jpeg,1
img_119711_2.jpeg,1
img_120110_2.jpeg,1
img_122333_2.jpeg,1
img_131070_1.jpeg,1
img_131231_4.jpeg,1
img_132113_1.jpeg,1
img_136805_4.jpeg,1
img_141697_1.jpeg,0
img_141984_1.jpeg,1
img_148184_2.jpeg,1
img_150443_1.jpeg,1
img_151686_2.jpeg,1
img_152422_1.jpeg,1
img_155062_0.jpeg,1
img_157225_1.jpeg,1
img_159368_2.jpeg,1
img_16526749_1.jpeg,1
img_16549032_1.jpeg,1
img_16562742_3.jpeg,1
img_16565103_0.jpeg,1
img_16579430_5.jpeg,1
img_16610870_0.jpeg,1
img_16619865_2.jpeg,1
img_16633496_0.jpeg,1
img_16679661_0.jpeg,1
img_16686177_3.jpeg,1
img_16686177_4.jpeg,1
img_16714490_0.jpeg,1
img_16714671_1.jpeg,1
img_16800432_1.jpeg,1
img_168428_1.jpeg,1
img_16865980_4.jpeg,1
img_16879444_3.jpeg,1
img_16892361_1.jpeg,1
img_16928652_3.jpeg,1
img_17018847_5.jpeg,1
img_17023908_1.jpeg,1
img_17024095_1.jpeg,1
img_17034709_2.jpeg,1
img_17065061_2.jpeg,1
img_17077708_2.jpeg,1
img_17088778_1.jpeg,1
img_17172363_4.jpeg,1
img_17226924_1.jpeg,1
img_17246738_0.jpeg,1
img_17253782_1.jpeg,1
img_172754_3.jpeg,1
img_17316884_2.jpeg,1
img_17343472_5.jpeg,1
img_173573_3.jpeg,1
img_173573_4.jpeg,1
img_173792_3.jpeg,1
img_173821_1.jpeg,1
img_17428366_1.jpeg,1
img_17519338_2.jpeg,1
img_175369_2.jpeg,1
img_17575327_0.jpeg,1
img_17575327_1.jpeg,1
img_17661501_5.jpeg,1
img_17668759_2.jpeg,1
img_17779053_1.jpeg,1
img_178055_2.jpeg,1
img_17825584_1.jpeg,1
img_17826667_3.jpeg,1
img_17827830_1.jpeg,1
img_17897190_1.jpeg,1
img_17925642_2.jpeg,1
img_17959217_4.jpeg,1
img_17966497_4.jpeg,1
img_17990778_2.jpeg,1
img_180548_1.jpeg,1
img_180985_5.jpeg,1
img_18099170_0.jpeg,1
img_18173024_3.jpeg,1
img_18241959_4.jpeg,1
img_18248613_2.jpeg,1
img_18328510_5.jpeg,1
img_18329274_0.jpeg,1
img_18335592_1.jpeg,1
img_18401405_1.jpeg,1
img_18473789_1.jpeg,1
img_18509528_2.jpeg,1
img_18537475_2.jpeg,1
img_18537475_5.jpeg,1
img_18563565_1.jpeg,1
img_18648060_1.jpeg,1
img_18771782_1.jpeg,1
img_18786790_3.jpeg,1
img_18815806_1.jpeg,1
img_18859444_2.jpeg,1
img_18862279_0.jpeg,1
img_18873325_0.jpeg,1
img_18884412_5.jpeg,1
img_18887422_3.jpeg,1
img_18924678_3.jpeg,1
img_18943269_1.jpeg,1
img_18958001_1.jpeg,1
img_19006660_1.jpeg,1
img_19039962_0.jpeg,1
img_19040143_3.jpeg,1
img_19106694_2.jpeg,1
img_19183158_0.jpeg,1
img_19234437_0.jpeg,1
img_192557_5.jpeg,1
img_19302879_4.jpeg,1
img_19390517_5.jpeg,1
img_19393672_2.jpeg,1
img_19396818_1.jpeg,1
img_19518335_2.jpeg,1
img_19534116_0.jpeg,1
img_19554309_0.jpeg,1
img_19629491_2.jpeg,1
img_19634716_2.jpeg,1
img_19693576_0.jpeg,1
img_19693576_3.jpeg,1
img_19718861_4.jpeg,1
img_197452_3.jpeg,1
img_19776332_2.jpeg,1
img_19876797_1.jpeg,1
img_19882382_2.jpeg,1
img_19983533_0.jpeg,1
img_19992885_1.jpeg,1
img_20013124_1.jpeg,1
img_20039890_0.jpeg,1
img_20104590_1.jpeg,1
img_20159354_0.jpeg,1
img_20173528_1.jpeg,1
img_20220276_1.jpeg,1
img_20332432_0.jpeg,1
img_20351246_0.jpeg,1
img_20390733_4.jpeg,1
img_204641_2.jpeg,1
img_20550513_3.jpeg,1
img_20623593_2.jpeg,1
img_206258_1.jpeg,1
img_20629552_0.jpeg,1
img_20634811_2.jpeg,1
img_20664658_2.jpeg,1
img_20740692_3.jpeg,1
img_20740692_5.jpeg,1
img_20767740_2.jpeg,1
img_20889433_4.jpeg,1
img_20921949_0.jpeg,1
img_20963078_0.jpeg,1
img_210860_2.jpeg,1
img_21128338_5.jpeg,1
img_211335_1.jpeg,1
img_21155673_1.jpeg,1
img_21287799_1.jpeg,1
img_21315909_4.jpeg,1
img_213704_1.jpeg,1
img_213704_2.jpeg,1
img_213762_2.jpeg,1
img_213853_2.jpeg,1
img_214181_3.jpeg,1
img_21420152_3.jpeg,1
img_21488939_0.jpeg,1
img_21540835_2.jpeg,1
img_21562484_3.jpeg,1
img_21566229_3.jpeg,1
img_21568503_3.jpeg,1
img_21671519_1.jpeg,1
img_21927015_0.jpeg,1
img_220484_5.jpeg,1
img_222093_1.jpeg,1
img_22215038_5.jpeg,1
img_22250151_2.jpeg,1
img_222991_1.jpeg,1
img_22319892_3.jpeg,1
img_22320855_1.jpeg,1
img_22529238_2.jpeg,1
img_225400_1.jpeg,1
img_225601_1.jpeg,1
img_22580017_5.jpeg,1
img_22636431_0.jpeg,1
img_22653127_1.jpeg,1
img_22674865_0.jpeg,1
img_22757689_1.jpeg,1
img_22767809_0.jpeg,1
img_22767809_1.jpeg,1
img_22854766_5.jpeg,1
img_229157_2.jpeg,1
img_229157_5.jpeg,1
img_22973163_2.jpeg,1
img_22989529_0.jpeg,1
img_23042003_1.jpeg,1
img_23118025_2.jpeg,1
img_23124405_0.jpeg,1
img_23132505_0.jpeg,1
img_23168304_1.jpeg,1
img_232094_3.jpeg,1
img_23211632_1.jpeg,1
img_23229842_1.jpeg,1
img_23355523_2.jpeg,1
img_23358616_0.jpeg,1
img_233737_0.jpeg,1
img_23538255_2.jpeg,1
img_23577670_0.jpeg,1
img_237043_4.jpeg,1
img_23845001_0.jpeg,1
img_23867975_1.jpeg,1
img_23890202_2.jpeg,1
img_23921312_1.jpeg,1
img_24006299_1.jpeg,1
img_24121949_0.jpeg,1
img_241308_1.jpeg,1
img_241916_1.jpeg,1
img_244619_1.jpeg,1
img_244632_1.jpeg,1
img_24483905_0.jpeg,1
img_24517496_1.jpeg,1
img_24517496_3.jpeg,1
img_24537602_1.jpeg,1
img_24609669_1.jpeg,1
img_24676742_2.jpeg,1
img_24717245_3.jpeg,1
img_248025_5.jpeg,1
img_24921825_1.jpeg,1
img_249274_5.jpeg,1
img_24945901_0.jpeg,1
img_24967454_0.jpeg,1
img_24989303_0.jpeg,1
img_25043954_3.jpeg,1
img_25058345_0.jpeg,1
img_251585_3.jpeg,1
img_252168_2.jpeg,1
img_252667_1.jpeg,1
img_25281610_0.jpeg,1
img_25316571_0.jpeg,1
img_25334193_4.jpeg,1
img_25406410_0.jpeg,1
img_25541012_3.jpeg,1
img_255446_3.jpeg,1
img_25666444_0.jpeg,1
img_25681006_0.jpeg,1
img_25687303_3.jpeg,1
img_257465_4.jpeg,1
img_258166_5.jpeg,1
img_25817801_1.jpeg,1
img_25839669_0.jpeg,1
img_259552_2.jpeg,1
img_26038890_3.jpeg,1
img_26074947_0.jpeg,1
img_26074947_3.jpeg,1
img_26084753_1.jpeg,1
img_26438191_0.jpeg,1
img_26438191_1.jpeg,1
img_264958_1.jpeg,1
img_26554629_0.jpeg,1
img_266363_2.jpeg,1
img_26646158_0.jpeg,1
img_26751262_2.jpeg,1
img_267837_5.jpeg,0
img_26815047_2.jpeg,1
img_26815047_3.jpeg,1
img_26998241_3.jpeg,1
img_270155_2.jpeg,1
img_27113684_2.jpeg,1
img_27114875_1.jpeg,1
img_27405493_5.jpeg,1
img_27434835_0.jpeg,1
img_27439420_2.jpeg,1
img_274486_4.jpeg,1
img_274723_3.jpeg,1
img_27500988_0.jpeg,1
img_27568359_2.jpeg,1
img_27584710_0.jpeg,1
img_27612899_2.jpeg,1
img_27617489_0.jpeg,1
img_27690247_3.jpeg,1
img_27700073_0.jpeg,1
img_277815_1.jpeg,1
img_277815_5.jpeg,1
img_277831_2.jpeg,1
img_27787682_2.jpeg,1
img_278333_5.jpeg,1
img_27874435_1.jpeg,1
img_28061547_0.jpeg,1
img_28081691_0.jpeg,1
img_280831_4.jpeg,1
img_281686_5.jpeg,1
img_282013_3.jpeg,1
img_28229660_5.jpeg,1
img_283200_2.jpeg,1
img_283204_2.jpeg,1
img_283207_3.jpeg,1
img_283209_2.jpeg,1
img_283209_3.jpeg,1
img_283217_2.jpeg,1
img_283220_2.jpeg,1
img_283220_5.jpeg,1
img_283221_3.jpeg,1
img_283222_2.jpeg,1
img_283229_1.jpeg,1
img_283244_3.jpeg,1
img_283249_0.jpeg,1
img_283249_1.jpeg,1
img_283249_3.jpeg,1
img_283249_5.jpeg,1
img_283260_2.jpeg,1
img_283272_2.jpeg,1
img_283273_1.jpeg,1
img_283277_3.jpeg,1
img_283277_4.jpeg,1
img_283280_2.jpeg,1
img_283285_1.jpeg,1
img_283290_2.jpeg,1
img_283292_1.jpeg,1
img_283309_3.jpeg,1
img_283316_2.jpeg,1
img_283320_3.jpeg,1
img_283321_2.jpeg,1
img_283321_3.jpeg,1
img_283335_2.jpeg,1
img_283338_3.jpeg,1
img_283350_2.jpeg,1
img_283350_3.jpeg,1
img_283350_4.jpeg,1
img_283350_5.jpeg,1
img_283360_3.jpeg,1
img_283362_1.jpeg,1
img_283363_1.jpeg,1
img_283363_2.jpeg,1
img_283363_3.jpeg,1
img_283368_5.jpeg,1
img_283369_4.jpeg,1
img_283370_1.jpeg,1
img_283370_2.jpeg,1
img_283370_3.jpeg,1
img_283384_3.jpeg,1
img_283391_3.jpeg,1
img_283396_2.jpeg,1
img_283401_3.jpeg,1
img_283412_1.jpeg,1
img_283416_3.jpeg,1
img_283434_1.jpeg,1
img_283436_1.jpeg,1
img_283437_3.jpeg,1
img_283437_4.jpeg,1
img_283442_0.jpeg,1
img_283442_1.jpeg,1
img_283442_2.jpeg,1
img_283450_5.jpeg,1
img_283452_1.jpeg,1
img_283453_3.jpeg,1
img_283455_4.jpeg,1
img_283461_4.jpeg,1
img_283465_0.jpeg,1
img_283480_0.jpeg,1
img_283483_2.jpeg,1
img_283490_5.jpeg,1
img_283493_2.jpeg,1
img_283505_2.jpeg,1
img_283511_3.jpeg,1
img_283511_5.jpeg,1
img_283513_1.jpeg,1
img_283518_2.jpeg,1
img_283520_4.jpeg,1
img_283527_4.jpeg,1
img_283530_1.jpeg,1
img_283531_2.jpeg,1
img_283545_1.jpeg,1
img_283545_3.jpeg,1
img_283545_4.jpeg,1
img_283551_4.jpeg,1
img_283552_3.jpeg,0
img_283554_2.jpeg,1
img_283554_4.jpeg,0
img_283557_2.jpeg,1
img_283573_2.jpeg,1
img_283576_0.jpeg,1
img_283582_1.jpeg,1
img_283592_1.jpeg,1
img_283600_4.jpeg,1
img_283600_5.jpeg,1
img_283601_3.jpeg,1
img_283602_2.jpeg,1
img_283603_3.jpeg,0
img_283612_1.jpeg,1
img_283621_1.jpeg,1
img_283634_2.jpeg,1
img_283638_2.jpeg,1
img_283642_3.jpeg,1
img_283657_2.jpeg,1
img_28412140_4.jpeg,1
img_28485434_1.jpeg,1
img_28504194_1.jpeg,1
img_28574114_1.jpeg,1
img_28605513_0.jpeg,1
img_28685653_3.jpeg,1
img_28790758_1.jpeg,1
img_28807985_1.jpeg,1
img_28846005_0.jpeg,1
img_28962017_2.jpeg,1
img_29148648_5.jpeg,1
img_29339203_5.jpeg,1
img_29493632_2.jpeg,1
img_29557138_1.jpeg,1
img_29618325_2.jpeg,1
img_29683282_0.jpeg,1
img_29756876_2.jpeg,1
img_29958442_4.jpeg,1
img_30198201_1.jpeg,1
img_30524693_3.jpeg,1
img_31019076_1.jpeg,1
img_31039750_2.jpeg,1
img_31061564_4.jpeg,1
img_31500629_0.jpeg,1
img_31631485_1.jpeg,1
img_31701545_1.jpeg,1
img_31708807_0.jpeg,1
img_31764337_2.jpeg,1
img_31786721_0.jpeg,1
img_31841400_2.jpeg,1
img_31880648_1.jpeg,1
img_31884469_3.jpeg,1
img_31930968_3.jpeg,1
img_31942513_1.jpeg,1
img_32133245_3.jpeg,1
img_32227596_5.jpeg,1
img_32244717_2.jpeg,1
img_32337071_2.jpeg,1
img_32381754_0.jpeg,1
img_32541736_1.jpeg,1
img_32747096_2.jpeg,1
img_32781182_3.jpeg,1
img_32945086_2.jpeg,1
img_33119433_3.jpeg,1
img_33252136_1.jpeg,1
img_33349818_1.jpeg,1
img_33410576_2.jpeg,1
img_33505112_3.jpeg,1
img_33662540_3.jpeg,1
img_33662540_4.jpeg,1
img_33665986_2.jpeg,1
img_33712230_1.jpeg,1
img_33716266_2.jpeg,1
img_33833800_0.jpeg,1
img_34191605_2.jpeg,1
img_34222119_0.jpeg,1
img_34665689_1.jpeg,1
img_34707321_3.jpeg,1
img_34940973_2.jpeg,1
img_34969379_0.jpeg,1
img_34969379_2.jpeg,1
img_34997353_4.jpeg,1
img_35160577_3.jpeg,1
img_35203113_1.jpeg,1
img_35223790_2.jpeg,1
img_35265975_3.jpeg,1
img_35265975_4.jpeg,1
img_35274302_1.jpeg,1
img_35296004_2.jpeg,1
img_35296004_4.jpeg,1
img_35384233_3.jpeg,1
img_35412163_3.jpeg,1
img_35524644_0.jpeg,1
img_35887256_1.jpeg,1
img_36136276_4.jpeg,1
img_36178041_0.jpeg,1
img_36519538_2.jpeg,1
img_36741231_0.jpeg,1
img_37009149_2.jpeg,1
img_37015382_5.jpeg,1
img_37029674_3.jpeg,1
img_37390430_5.jpeg,1
img_37397457_3.jpeg,1
img_37442013_4.jpeg,1
img_37479210_1.jpeg,1
img_37766114_2.jpeg,1
img_37895030_3.jpeg,1
img_37937383_2.jpeg,1
img_37970556_1.jpeg,1
img_38315045_0.jpeg,1
img_38479341_4.jpeg,1
img_38556820_1.jpeg,1
img_38604560_0.jpeg,1
img_38631081_0.jpeg,1
img_38746619_0.jpeg,1
img_38746619_1.jpeg,1
img_38775619_3.jpeg,1
img_38800136_0.jpeg,1
img_38905987_0.jpeg,1
img_39103431_0.jpeg,1
img_39300211_1.jpeg,1
img_39309894_2.jpeg,1
img_39329493_0.jpeg,1
img_39493022_1.jpeg,1
img_39635535_3.jpeg,1
img_39717014_2.jpeg,1
img_39792701_3.jpeg,1
img_39991074_2.jpeg,1
img_40149703_1.jpeg,1
img_40253329_4.jpeg,1
img_40280415_3.jpeg,1
img_40406711_4.jpeg,1
img_40419626_0.jpeg,1
img_40462415_0.jpeg,1
img_40650948_5.jpeg,1
img_40695622_5.jpeg,1
img_40726335_2.jpeg,1
img_40833502_1.jpeg,1
img_41028508_2.jpeg,1
img_41180348_1.jpeg,1
img_41339441_1.jpeg,1
img_41340076_2.jpeg,1
img_41350780_0.jpeg,1
img_41353095_1.jpeg,1
img_41560512_0.jpeg,1
img_41571366_4.jpeg,1
img_41593781_1.jpeg,1
img_41598408_1.jpeg,1
img_41601450_3.jpeg,1
img_41609211_0.jpeg,1
img_41720094_1.jpeg,1
img_41984055_4.jpeg,1
img_42103818_1.jpeg,1
img_42315272_0.jpeg,1
img_42421552_1.jpeg,1
img_42507947_1.jpeg,1
img_42609580_2.jpeg,1
img_42730902_1.jpeg,1
img_42864680_3.jpeg,1
img_42979689_2.jpeg,1
img_43138661_2.jpeg,1
img_43202498_0.jpeg,1
img_43529494_3.jpeg,1
img_43534472_0.jpeg,1
img_43659628_0.jpeg,1
img_43692858_1.jpeg,1
img_44053286_0.jpeg,1
img_44127992_5.jpeg,1
img_44128629_3.jpeg,1
img_44158295_1.jpeg,1
img_44170703_5.jpeg,1
img_44307257_3.jpeg,1
img_44465950_3.jpeg,1
img_44548566_1.jpeg,1
img_44713258_0.jpeg,1
img_44715479_0.jpeg,1
img_44715479_5.jpeg,1
img_44888949_3.jpeg,1
img_44931833_0.jpeg,1
img_44979193_0.jpeg,1
img_45261705_0.jpeg,1
img_45312667_2.jpeg,1
img_45420744_0.jpeg,1
img_45432688_1.jpeg,1
img_45472633_0.jpeg,1
img_45848702_1.jpeg,1
img_45851416_0.jpeg,1
img_46020190_1.jpeg,1
img_46159491_2.jpeg,1
img_46348062_3.jpeg,1
img_46599528_0.jpeg,1
img_46601009_1.jpeg,1
img_46748331_1.jpeg,1
img_46784606_0.jpeg,1
img_46803941_2.jpeg,1
img_46820715_0.jpeg,1
img_46858058_0.jpeg,1
img_46927494_1.jpeg,1
img_46942139_1.jpeg,1
img_46955814_5.jpeg,1
img_47056290_4.jpeg,1
img_47084432_2.jpeg,1
img_47565369_1.jpeg,1
img_47578278_1.jpeg,1
img_47650090_2.jpeg,1
img_47713297_3.jpeg,1
img_47823594_5.jpeg,1
img_47833695_4.jpeg,1
img_47972892_2.jpeg,1
img_48029798_2.jpeg,1
img_48068806_0.jpeg,1
img_48156302_3.jpeg,1
img_48504362_1.jpeg,1
img_48590634_0.jpeg,1
img_48613496_4.jpeg,1
img_48882100_0.jpeg,1
img_48951650_4.jpeg,1
img_48972171_4.jpeg,1
img_49013232_2.jpeg,1
img_49101453_0.jpeg,1
img_49144062_0.jpeg,1
img_49161390_0.jpeg,1
img_49163392_2.jpeg,1
img_49170835_2.jpeg,1
img_49217436_1.jpeg,1
img_49325778_0.jpeg,1
img_49325778_4.jpeg,1
img_49325778_5.jpeg,1
img_49402662_2.jpeg,1
img_49434979_5.jpeg,1
img_49438179_4.jpeg,1
img_49445675_1.jpeg,1
img_49834965_4.jpeg,1
img_49975756_1.jpeg,1
img_50127602_3.jpeg,1
img_50130549_2.jpeg,1
img_50412013_5.jpeg,1
img_50450986_5.jpeg,1
img_50454399_0.jpeg,1
img_50503754_5.jpeg,1
img_50581637_2.jpeg,1
img_50613344_0.jpeg,1
img_50694503_0.jpeg,1
img_50694503_3.jpeg,1
img_50854764_5.jpeg,1
img_51180892_1.jpeg,1
img_51180892_5.jpeg,1
img_51191293_3.jpeg,1
img_51278864_0.jpeg,1
img_51282599_3.jpeg,1
img_51630595_1.jpeg,1
img_51641613_1.jpeg,1
img_51837128_2.jpeg,1
img_51876721_0.jpeg,1
img_51879082_1.jpeg,1
img_51902627_3.jpeg,1
img_52041809_1.jpeg,1
img_52259047_4.jpeg,1
img_52353829_1.jpeg,1
img_52436281_3.jpeg,1
img_52646902_3.jpeg,1
img_52714479_3.jpeg,1
img_52714479_4.jpeg,1
img_52951696_3.jpeg,1
img_53019530_2.jpeg,1
img_53083981_0.jpeg,1
img_53096826_3.jpeg,1
img_53132365_4.jpeg,1
img_53203516_0.jpeg,1
img_53303412_1.jpeg,1
img_53333531_3.jpeg,1
img_53517370_2.jpeg,1
img_53517865_4.jpeg,1
img_53531203_0.jpeg,1
img_53576274_1.jpeg,1
img_53607787_3.jpeg,1
img_53614880_1.jpeg,1
img_53644580_1.jpeg,1
img_53664313_3.jpeg,1
img_53896564_2.jpeg,1
img_53921738_2.jpeg,1
img_53936512_1.jpeg,1
img_54027485_1.jpeg,1
img_54152702_1.jpeg,1
img_54156410_1.jpeg,1
img_54177119_2.jpeg,1
img_54180187_3.jpeg,1
img_54240001_4.jpeg,1
img_54292200_0.jpeg,1
img_54316351_2.jpeg,1
img_54324719_2.jpeg,1
img_54532835_3.jpeg,1
img_54610034_2.jpeg,1
img_54653013_2.jpeg,1
img_54674078_1.jpeg,1
img_54689512_3.jpeg,1
img_54708729_0.jpeg,1
img_54734006_1.jpeg,1
img_54742460_1.jpeg,1
img_54750278_4.jpeg,1
img_54760539_0.jpeg,1
img_54761164_0.jpeg,1
img_54773807_0.jpeg,1
img_54781272_1.jpeg,1
img_54798441_3.jpeg,0
img_54800828_2.jpeg,1
img_54800841_1.jpeg,1
img_54806099_0.jpeg,1
img_54807334_0.jpeg,1
img_54807932_5.jpeg,0
img_54810433_1.jpeg,0
img_54811889_1.jpeg,0
img_54813331_2.jpeg,0
img_54815130_0.jpeg,1
img_54819741_4.jpeg,0
img_54819799_5.jpeg,1
img_54824201_0.jpeg,1
img_54825502_1.jpeg,0
img_54833021_3.jpeg,1
img_54833166_3.jpeg,0
img_54834515_1.jpeg,1
img_54837592_2.jpeg,0
img_54839933_1.jpeg,0
img_54839933_4.jpeg,0
img_54840891_2.jpeg,0
img_54840930_1.jpeg,1
img_54842415_0.jpeg,1
img_54846376_2.jpeg,0
img_54850201_1.jpeg,0
img_54852367_2.jpeg,1
img_54852473_1.jpeg,1
img_54855247_0.jpeg,1
img_54859947_1.jpeg,0
img_54864189_2.jpeg,0
img_54865488_0.jpeg,1
img_54865488_2.jpeg,1
img_54866325_2.jpeg,0
img_54869996_4.jpeg,0
img_54877123_3.jpeg,0
img_54878320_0.jpeg,1
img_54878903_1.jpeg,0
img_54879788_2.jpeg,0
img_54880102_1.jpeg,0
img_54880286_2.jpeg,1
img_54881278_2.jpeg,0
img_54881278_3.jpeg,0
img_54883188_3.jpeg,1
img_54884277_4.jpeg,0
img_54886829_1.jpeg,1
img_54887270_4.jpeg,1
img_54890075_1.jpeg,1
img_54892788_1.jpeg,0
img_54893654_3.jpeg,0
img_54894282_0.jpeg,1
img_54895236_2.jpeg,1
img_54895635_1.jpeg,0
img_54896148_3.jpeg,0
img_54897646_3.jpeg,1
img_54898487_5.jpeg,0
img_54899035_3.jpeg,1
img_54900928_3.jpeg,1
img_54901566_3.jpeg,0
img_54903857_4.jpeg,0
img_54908911_3.jpeg,0
img_54912913_5.jpeg,0
img_54913022_3.jpeg,0
img_54913022_5.jpeg,0
img_54914410_2.jpeg,0
img_54914859_2.jpeg,1
img_54915766_3.jpeg,1
img_54916232_4.jpeg,0
img_54916413_3.jpeg,0
img_54916819_1.jpeg,0
img_54916819_2.jpeg,0
img_54918145_0.jpeg,1
img_54922770_2.jpeg,0
img_54925599_3.jpeg,0
img_54925846_1.jpeg,0
img_54926725_1.jpeg,0
img_54926876_0.jpeg,1
img_54928011_2.jpeg,1
img_54928011_3.jpeg,0
img_54928128_0.jpeg,1
img_54929740_4.jpeg,0
img_54931730_2.jpeg,1
img_54933688_1.jpeg,1
img_54935885_3.jpeg,0
img_54937040_2.jpeg,0
img_54938528_5.jpeg,0
img_54939742_0.jpeg,1
img_54939742_3.jpeg,1
img_54940473_0.jpeg,1
img_54944802_2.jpeg,0
img_54945949_0.jpeg,1
img_54948111_1.jpeg,1
img_54950997_0.jpeg,1
img_54951268_0.jpeg,1
img_54952550_1.jpeg,1
img_54953362_0.jpeg,1
img_54953948_3.jpeg,0
img_54954994_0.jpeg,1
img_54955306_1.jpeg,1
img_54955605_2.jpeg,1
img_54956272_2.jpeg,1
img_54956272_3.jpeg,1
img_54956464_1.jpeg,0
img_54956877_4.jpeg,0
img_54960564_2.jpeg,1
img_54962815_2.jpeg,0
img_54963984_1.jpeg,1
img_54966040_0.jpeg,1
img_54966221_5.jpeg,0
img_54967302_2.jpeg,0
img_54969126_3.jpeg,0
img_54969566_1.jpeg,0
img_54969566_3.jpeg,0
img_54969713_2.jpeg,0
img_54979719_0.jpeg,1
img_54981843_1.jpeg,0
img_54983414_3.jpeg,0
img_54984607_1.jpeg,0
img_54985577_2.jpeg,0
img_54987527_4.jpeg,0
img_54992556_1.jpeg,1
img_54993124_2.jpeg,1
img_54993517_2.jpeg,0
img_54994442_2.jpeg,1
img_54994653_4.jpeg,0
img_54995126_0.jpeg,1
img_54995540_2.jpeg,0
img_54998168_0.jpeg,1
img_54999187_3.jpeg,0
img_55000957_2.jpeg,0
img_55001250_4.jpeg,0
img_55001537_4.jpeg,0
img_55002097_4.jpeg,1
img_55003077_1.jpeg,1
img_55004032_3.jpeg,0
img_55010576_4.jpeg,0
img_55012031_2.jpeg,0
img_55012214_3.jpeg,1
img_55012217_3.jpeg,1
img_55012477_1.jpeg,0
img_55013508_0.jpeg,1
img_55013601_2.jpeg,1
img_55014697_3.jpeg,0
img_55014974_2.jpeg,0
img_55017183_1.jpeg,0
img_55017838_3.jpeg,0
img_55020124_3.jpeg,0
img_55022835_2.jpeg,0
img_55024471_3.jpeg,0
img_55025207_2.jpeg,1
img_55026795_3.jpeg,1
img_55026795_4.jpeg,0
img_55027930_0.jpeg,1
img_55028076_1.jpeg,0
img_55029160_4.jpeg,0
img_55029746_3.jpeg,1
img_55031838_2.jpeg,0
img_55033103_1.jpeg,1
img_55033798_3.jpeg,0
img_55035063_1.jpeg,1
img_55037769_3.jpeg,0
img_55039283_2.jpeg,0
img_55044827_3.jpeg,0
img_55045994_2.jpeg,0
img_55047366_1.jpeg,0
img_55048723_2.jpeg,0
img_55052480_0.jpeg,1
img_55053393_3.jpeg,0
img_55055358_1.jpeg,0
img_55057381_3.jpeg,0
img_55058587_1.jpeg,1
img_55059945_0.jpeg,1
img_55061596_0.jpeg,1
img_55062493_3.jpeg,0
img_55067979_1.jpeg,1
img_55067989_2.jpeg,0
img_55068779_2.jpeg,0
img_55069253_1.jpeg,0
img_55075294_0.jpeg,1
img_55075562_5.jpeg,0
img_55075781_4.jpeg,0
img_55076042_5.jpeg,1
img_55076877_2.jpeg,0
img_55077496_3.jpeg,0
img_55082057_1.jpeg,0
img_55082149_1.jpeg,1
img_55082752_2.jpeg,0
img_55083913_3.jpeg,0
img_55084000_0.jpeg,1
img_55084186_0.jpeg,1
img_55086965_0.jpeg,1
img_55090806_3.jpeg,1
img_55091233_4.jpeg,0
img_55091681_3.jpeg,1
img_55092408_5.jpeg,0
img_55093500_2.jpeg,0
img_55094605_2.jpeg,0
img_55094785_1.jpeg,0
img_55094830_2.jpeg,0
img_55098265_1.jpeg,0
img_55098458_1.jpeg,0
img_55099478_3.jpeg,0
img_55102371_2.jpeg,1
img_55104588_3.jpeg,0
img_55108244_2.jpeg,0
img_55108690_3.jpeg,0
img_55112199_5.jpeg,0
img_55114289_2.jpeg,1
img_55116572_1.jpeg,1
img_55118113_3.jpeg,0
img_55118260_1.jpeg,0
img_55118272_3.jpeg,0
img_55121140_1.jpeg,1
img_55121269_2.jpeg,1
img_55121827_3.jpeg,1
img_55122782_1.jpeg,1
img_55123440_0.jpeg,1
img_55125560_2.jpeg,0
img_55126618_2.jpeg,0
img_55126846_1.jpeg,1
img_55129505_0.jpeg,1
img_55131625_4.jpeg,0
img_55132673_1.jpeg,0
img_55132853_3.jpeg,1
img_55132890_3.jpeg,1
img_55134046_2.jpeg,0
img_55134956_1.jpeg,0
img_55135546_3.jpeg,0
img_55135680_3.jpeg,1
img_55136675_0.jpeg,1
img_55137147_3.jpeg,1
img_55141173_1.jpeg,1
img_55143922_3.jpeg,0
img_55144367_4.jpeg,0
img_55146393_1.jpeg,0
img_55146393_2.jpeg,1
img_55151894_4.jpeg,1
img_55152415_1.jpeg,1
img_55152501_0.jpeg,1
img_55153021_1.jpeg,1
img_55155030_2.jpeg,1
img_55165732_3.jpeg,1
img_55169042_0.jpeg,1
img_55171083_0.jpeg,1
img_55171629_4.jpeg,1
img_55171715_0.jpeg,1
img_55172157_3.jpeg,1
img_55175258_2.jpeg,1
img_55177463_1.jpeg,1
img_55178823_3.jpeg,1
img_55179256_2.jpeg,1
img_55184895_2.jpeg,1
img_55187570_2.jpeg,1
img_55189880_0.jpeg,1
img_55197084_2.jpeg,1
img_55202388_3.jpeg,1
img_55204170_1.jpeg,1
img_55210940_0.jpeg,1
img_55211902_2.jpeg,1
img_55214928_3.jpeg,1
